speaker,train_utts,train_min,dev_utts,dev_min,train[laughter],train[breathing],train[sniff],train[throatclearing]
spk_0000,555,121.49649097222213,117,24.520416666666677,135,1492,35,20
spk_0002,180,25.58228055555556,31,4.861995833333334,163,212,8,24
spk_0003,1,0.3,0,,0,2,1,0
spk_0004,231,48.302988194444474,43,9.118497916666664,46,452,6,4
spk_0005,4,0.8506666666666667,0,,4,11,0,0
spk_0006,1,0.05,0,,1,0,0,0
spk_0007,1,0.32133333333333336,0,,1,3,0,0
spk_0008,6,0.846,2,0.13033333333333333,9,4,0,0
spk_0009,92,19.099245833333324,15,3.4431652777777777,23,160,2,3
spk_0010,1,0.15,0,,1,1,0,0
spk_0011,3,0.882,1,0.31366666666666665,0,11,0,0
spk_0012,13,2.8215840277777784,2,0.508,3,27,0,2
spk_0013,1,0.08466666666666667,0,,1,0,0,0
spk_0015,1,0.051666666666666666,0,,1,0,0,0
spk_0016,194,40.71482222222219,34,7.464334722222221,42,517,8,6
spk_0018,9,1.769,3,0.622,2,13,0,2
spk_0019,2,0.33566666666666667,0,,3,3,0,0
spk_0021,4,0.788,1,0.060000000000000005,3,5,0,1
spk_0022,3,0.3470006944444445,1,0.06766666666666667,1,4,0,1
spk_0023,3,0.7090000000000001,0,,6,1,0,0
spk_0024,1,0.18333333333333332,0,,1,2,0,0
spk_0025,3,0.41000000000000003,1,0.07766666666666668,1,7,0,0
spk_0027,7,0.7693333333333333,3,0.1676673611111111,8,2,0,0
spk_0028,4,0.8293326388888889,1,0.065,1,10,3,0
spk_0030,2,0.19499999999999998,0,,1,1,0,2
spk_0031,1,0.31,0,,0,4,1,0
spk_0032,3,0.5830000000000001,0,,3,5,0,0
spk_0033,3,0.5603333333333335,1,0.07433333333333333,1,7,1,1
spk_0035,37,8.961247916666666,8,1.5106666666666666,18,73,12,5
spk_0036,1,0.09533333333333333,0,,0,1,0,0
spk_0037,2,0.189,0,,2,2,0,0
spk_0040,2,0.3926666666666667,0,,1,1,0,1
spk_0041,2,0.15966666666666668,0,,1,1,0,1
spk_0042,1,0.11599930555555556,0,,0,1,0,1
spk_0044,1,0.09166666666666666,0,,0,0,0,1
spk_0045,3,0.5716666666666667,1,0.17933333333333332,3,7,0,0
spk_0046,2,0.4426666666666667,0,,2,6,0,0
spk_0047,2,0.303,1,0.10333333333333333,1,3,0,1
spk_0050,1,0.12833333333333333,0,,1,1,0,0
spk_0052,1,0.27266666666666667,0,,1,2,0,0
spk_0053,3,0.795,1,0.26333333333333336,1,9,2,0
spk_0054,8,1.7289993055555553,1,0.23633333333333334,5,12,0,0
spk_0055,1,0.06933333333333333,0,,1,0,0,0
spk_0057,3,0.5266652777777777,0,,3,6,0,0
spk_0058,1,0.13,0,,1,0,0,0
spk_0059,4,0.9785833333333334,1,0.12766666666666668,1,7,0,0
spk_0062,1,0.09933333333333333,0,,0,1,1,0
spk_0063,3,0.6963326388888889,0,,1,4,0,0
spk_0065,1,0.14333333333333334,1,0.053000000000000005,0,2,1,0
spk_0066,3,0.5359999999999999,1,0.055,3,6,0,0
spk_0069,2,0.3766666666666667,1,0.09333333333333332,2,4,0,0
spk_0070,32,6.993579861111113,6,1.318667361111111,9,51,1,5
spk_0072,2,0.138,0,,2,0,0,0
spk_0073,1,0.06566666666666666,0,,1,0,0,0
spk_0074,1,0.11833333333333333,0,,0,1,0,0
spk_0075,3,0.883998611111111,1,0.14366666666666666,0,5,1,1
spk_0076,1,0.2746659722222222,0,,1,5,0,0
spk_0077,2,0.21166666666666664,0,,2,1,0,0
spk_0078,5,1.2979999999999998,1,0.30433333333333334,6,10,0,0
spk_0080,6,1.2163326388888889,2,0.13933333333333334,5,14,0,1
spk_0081,2,0.29766666666666663,1,0.11,2,1,0,0
spk_0082,2,0.39133333333333337,0,,2,2,0,0
spk_0083,1,0.23666666666666666,0,,2,2,0,0
spk_0084,1,0.31666666666666665,1,0.096,1,1,0,0
spk_0085,1,0.0683326388888889,0,,0,0,0,1
spk_0086,5,0.6546659722222222,1,0.11166666666666666,2,7,2,1
spk_0087,2,0.5446666666666666,0,,2,5,0,1
spk_0088,2,0.3283333333333333,0,,3,2,0,0
spk_0091,1,0.115,0,,1,1,0,0
spk_0092,5,1.263665972222222,1,0.1716659722222222,1,11,2,0
spk_0093,2,0.46533263888888887,0,,0,6,0,0
spk_0094,2,0.6343326388888889,0,,2,3,0,0
spk_0095,1,0.43,1,0.105,0,5,1,0
spk_0096,1,0.25,0,,1,3,0,0
spk_0097,1,0.09333333333333332,0,,1,0,0,0
spk_0099,2,0.4796666666666667,0,,2,3,0,0
spk_0100,2,0.4233333333333334,0,,2,3,0,0
spk_0101,2,0.2259986111111111,0,,1,1,1,0
spk_0102,2,0.14100000000000001,0,,3,1,0,0
spk_0104,3,0.6113326388888889,1,0.08466666666666667,1,5,0,2
spk_0105,1,0.26999999999999996,1,0.06266597222222223,0,2,1,0
spk_0108,1,0.06333333333333332,0,,2,0,0,0
spk_0109,2,0.1526652777777778,0,,2,0,0,0
spk_0110,3,0.9183319444444445,0,,2,5,0,2
spk_0112,1,0.32133333333333336,0,,1,5,0,0
spk_0114,1,0.20433333333333334,0,,1,5,0,0
spk_0115,3,0.7953340277777776,0,,2,9,0,0
spk_0119,1,0.083,0,,1,1,0,0
spk_0120,1,0.29766666666666663,0,,2,4,0,0
spk_0123,2,0.4276666666666667,0,,0,2,0,2
spk_0124,1,0.06433333333333333,0,,1,1,0,0
spk_0125,1,0.3143333333333333,1,0.13166666666666668,0,1,1,0
spk_0126,1,0.096,0,,0,0,1,0
spk_0127,1,0.3046666666666667,0,,1,4,0,0
spk_0128,3,0.6413333333333334,0,,2,12,1,0
spk_0129,1,0.2899993055555556,0,,1,7,0,0
spk_0130,1,0.10966666666666666,0,,0,2,1,0
spk_0131,4,0.843,2,0.32433333333333336,2,9,1,2
spk_0132,4,0.4906652777777778,0,,2,4,0,2
spk_0134,1,0.136,0,,1,1,0,0
spk_0140,1,0.25,0,,1,1,0,0
spk_0141,2,0.5826666666666667,1,0.32766666666666666,2,4,0,0
spk_0142,1,0.07666597222222223,0,,0,1,1,0
spk_0143,3,0.6276652777777778,0,,5,10,1,0
spk_0144,62,12.913829861111113,14,2.53425,2,167,0,0
spk_0145,1,0.265,0,,1,1,0,0
spk_0150,1,0.05,0,,0,0,0,1
spk_0151,1,0.306,0,,1,3,0,0
spk_0152,2,0.376,0,,2,3,0,0
spk_0154,1,0.295,1,0.09766666666666667,0,2,1,0
spk_0155,1,0.305,0,,1,6,1,0
spk_0156,1,0.22766666666666666,0,,1,2,0,0
spk_0157,1,0.09433333333333334,0,,0,1,0,0
spk_0158,1,0.24333333333333332,0,,1,1,0,1
spk_0159,1,0.115,0,,1,1,0,0
spk_0160,1,0.12833333333333333,0,,1,0,0,1
spk_0163,2,0.5483333333333333,0,,2,6,0,0
spk_0164,1,0.2826666666666667,0,,0,1,1,0
spk_0165,6,1.3959166666666667,2,0.5943333333333333,0,8,1,0
spk_0166,1,0.27133333333333337,0,,0,1,1,0
spk_0167,1,0.115,0,,1,0,0,0
spk_0168,1,0.31166666666666665,0,,1,2,0,0
spk_0169,2,0.336,0,,2,1,0,0
spk_0170,2,0.5316666666666666,0,,4,0,0,0
spk_0174,2,0.40766597222222223,0,,2,7,0,0
spk_0175,1,0.21666666666666667,0,,0,3,1,0
spk_0176,1,0.09966666666666667,0,,1,0,0,0
spk_0178,1,0.16333333333333336,0,,0,1,0,1
spk_0182,1,0.055,0,,1,0,0,0
spk_0183,1,0.26933263888888886,1,0.3233326388888889,1,4,0,0
spk_0184,2,0.6149993055555555,1,0.24933333333333335,3,8,0,0
spk_0188,1,0.2916666666666667,0,,1,2,0,0
spk_0189,1,0.081,0,,0,0,0,1
spk_0190,3,0.7576277777777778,1,0.23166666666666666,3,10,0,0
spk_0191,1,0.08833333333333333,0,,0,0,1,0
spk_0195,2,0.3876666666666667,0,,0,6,1,1
spk_0197,2,0.49099930555555554,0,,0,6,1,1
spk_0198,1,0.201,0,,1,1,0,0
spk_0202,1,0.29266597222222224,0,,0,1,1,0
spk_0203,1,0.06966666666666667,0,,1,0,0,0
spk_0208,1,0.08166666666666668,0,,1,0,0,0
spk_0209,2,0.5283326388888889,0,,2,3,0,0
spk_0211,1,0.24633333333333332,0,,0,1,1,0
spk_0212,1,0.09833333333333334,0,,1,0,0,0
spk_0213,1,0.1,0,,0,0,0,1
spk_0217,1,0.30966597222222225,0,,0,6,0,1
spk_0220,1,0.13833333333333334,0,,1,1,0,0
spk_0224,1,0.07333333333333333,0,,1,0,0,0
spk_0227,2,0.4516666666666667,0,,0,2,1,1
spk_0233,1,0.26833333333333337,0,,1,3,0,0
spk_0238,1,0.18333333333333332,0,,0,3,0,1
spk_0240,2,0.19633402777777775,0,,3,1,0,0
spk_0242,1,0.31666666666666665,0,,0,5,0,1
spk_0245,3,0.9510000000000001,0,,3,14,0,0
spk_0246,3,0.4066666666666666,1,0.12833333333333333,5,0,0,0
spk_0248,1,0.26833333333333337,0,,0,3,0,1
spk_0253,1,0.2993326388888889,0,,0,0,1,0
spk_0255,2,0.3143333333333333,0,,2,1,0,0
spk_0256,1,0.32966666666666666,0,,1,3,0,0
spk_0258,1,0.17466666666666666,0,,1,1,0,0
spk_0259,1,0.25,0,,1,2,0,0
spk_0260,2,0.551332638888889,0,,2,6,0,0
spk_0263,1,0.093,0,,1,1,0,1
spk_0264,2,0.4266666666666667,0,,2,3,0,0
spk_0270,2,0.2776666666666667,0,,0,2,2,0
spk_0272,3,0.3706680555555556,0,,3,4,0,0
spk_0273,1,0.12000000000000001,0,,1,1,0,0
spk_0279,1,0.05533333333333333,0,,2,0,0,0
spk_0280,1,0.233,0,,0,2,1,0
spk_0282,1,0.24833333333333335,0,,1,2,0,0
spk_0283,1,0.2966666666666667,0,,1,2,0,0
spk_0284,1,0.165,0,,1,1,0,0
spk_0285,1,0.29333333333333333,0,,1,1,0,0
spk_0286,2,0.24400000000000002,0,,2,0,0,0
spk_0288,2,0.526,0,,0,3,1,1
spk_0290,1,0.111,0,,0,1,1,0
spk_0292,1,0.265,0,,0,2,1,0
spk_0296,1,0.34366736111111107,0,,0,1,0,1
spk_0297,1,0.051000000000000004,0,,1,0,0,0
spk_0298,1,0.075,0,,2,0,0,0
spk_0299,4,0.6126666666666666,0,,0,6,0,0
spk_0300,12,2.964250694444444,2,0.5820000000000001,3,29,0,1
spk_0302,1,0.2543326388888889,0,,0,1,0,1
spk_0304,1,0.3016666666666667,0,,1,5,0,0
spk_0306,1,0.185,0,,1,1,0,0
spk_0319,1,0.14666666666666667,0,,0,2,1,0
spk_0320,1,0.295,0,,1,3,0,0
spk_0323,2,0.4483333333333333,0,,1,6,0,1
spk_0324,1,0.07433333333333333,0,,1,0,0,0
